title,category,rental_rate,replacement_cost,total_rentals,mover_status
"BUCKET BROTHERHOOD",Travel,4.99,27.99,34,"Fast Mover"
"ROCKETEER MOTHER",Foreign,0.99,27.99,33,"Fast Mover"
"JUGGLER HARDLY",Animation,0.99,14.99,32,"Fast Mover"
"FORWARD TEMPLE",Games,2.99,25.99,32,"Fast Mover"
"GRIT CLOCKWORK",Games,0.99,21.99,32,"Fast Mover"
"SCALAWAG DUCK",Music,4.99,13.99,32,"Fast Mover"
"RIDGEMONT SUBMARINE",New,0.99,28.99,32,"Fast Mover"
"ROBBERS JOON",Children,2.99,26.99,31,"Fast Mover"
"TIMBERLAND SKY",Classics,0.99,13.99,31,"Fast Mover"
"ZORRO ARK",Comedy,4.99,18.99,31,"Fast Mover"
"WIFE TURN",Documentary,4.99,27.99,31,"Fast Mover"
"HOBBIT ALIEN",Drama,0.99,27.99,31,"Fast Mover"
"APACHE DIVINE",Family,4.99,16.99,31,"Fast Mover"
"NETWORK PEAK",Family,2.99,23.99,31,"Fast Mover"
"RUSH GOODFELLAS",Family,0.99,20.99,31,"Fast Mover"
"GOODFELLAS SALUTE",Sci-Fi,4.99,22.99,31,"Fast Mover"
"RUGRATS SHAKESPEARE",Action,0.99,16.99,30,"Fast Mover"
"SUSPECTS QUILLS",Action,2.99,22.99,30,"Fast Mover"
"DOGMA FAMILY",Animation,4.99,16.99,30,"Fast Mover"
"IDOLS SNATCHERS",Children,2.99,29.99,30,"Fast Mover"
"FROST HEAD",Classics,0.99,13.99,30,"Fast Mover"
"CAT CONEHEADS",Comedy,4.99,14.99,30,"Fast Mover"
"HARRY IDAHO",Drama,4.99,18.99,30,"Fast Mover"
"WITCHES PANIC",Drama,4.99,10.99,30,"Fast Mover"
"SHOCK CABIN",Foreign,2.99,15.99,30,"Fast Mover"
"MASSACRE USUAL",Games,4.99,16.99,30,"Fast Mover"
"PULP BEVERLY",Horror,2.99,12.99,30,"Fast Mover"
"BUTTERFLY CHOCOLAT",New,0.99,17.99,30,"Fast Mover"
"ENGLISH BULWORTH",Sci-Fi,0.99,18.99,30,"Fast Mover"
"GRAFFITI LOVE",Sci-Fi,0.99,29.99,30,"Fast Mover"
"MARRIED GO",Sci-Fi,2.99,22.99,30,"Fast Mover"
"MUSCLE BRIGHT",Travel,2.99,23.99,30,"Fast Mover"
"STORM HAPPINESS",Animation,0.99,28.99,29,"Medium Mover"
"SWEETHEARTS SUSPECTS",Children,0.99,13.99,29,"Medium Mover"
"VIRGINIAN PLUTO",Documentary,0.99,22.99,29,"Medium Mover"
"MOON BUNCH",Foreign,0.99,20.99,29,"Medium Mover"
"VIDEOTAPE ARSENIC",Games,4.99,10.99,29,"Medium Mover"
"FAMILY SWEET",Horror,0.99,24.99,29,"Medium Mover"
"BOOGIE AMELIE",Music,4.99,11.99,29,"Medium Mover"
"CONFIDENTIAL INTERVIEW",Music,4.99,13.99,29,"Medium Mover"
"DEER VIRGINIAN",Music,2.99,13.99,29,"Medium Mover"
"ENEMY ODDS",Music,4.99,23.99,29,"Medium Mover"
"GREATEST NORTH",Music,2.99,24.99,29,"Medium Mover"
"BINGO TALENTED",Sci-Fi,2.99,22.99,29,"Medium Mover"
"TITANS JERK",Sci-Fi,4.99,11.99,29,"Medium Mover"
"GLEAMING JAWBREAKER",Sports,2.99,25.99,29,"Medium Mover"
"TALENTED HOMICIDE",Sports,0.99,9.99,29,"Medium Mover"
"HANDICAP BOONDOCK",Action,0.99,28.99,28,"Medium Mover"
"STORY SIDE",Action,0.99,27.99,28,"Medium Mover"
"TRIP NEWTON",Action,4.99,14.99,28,"Medium Mover"
"GIANT TROOPERS",Children,2.99,10.99,28,"Medium Mover"
"GILMORE BOILED",Classics,0.99,29.99,28,"Medium Mover"
"VOYAGE LEGALLY",Classics,0.99,28.99,28,"Medium Mover"
"CLOSER BANG",Comedy,4.99,12.99,28,"Medium Mover"
"EXPENDABLE STALLION",Documentary,0.99,14.99,28,"Medium Mover"
"FATAL HAUNTED",New,2.99,24.99,28,"Medium Mover"
"ROSES TREASURE",Sports,4.99,23.99,28,"Medium Mover"
"SATURDAY LAMBS",Sports,4.99,28.99,28,"Medium Mover"
"PRIMARY GLASS",Action,0.99,16.99,27,"Medium Mover"
"BLACKOUT PRIVATE",Animation,2.99,12.99,27,"Medium Mover"
"FORRESTER COMANCHEROS",Animation,4.99,22.99,27,"Medium Mover"
"GANGS PRIDE",Animation,2.99,27.99,27,"Medium Mover"
"INVASION CYCLONE",Children,2.99,12.99,27,"Medium Mover"
"DETECTIVE VISION",Classics,0.99,16.99,27,"Medium Mover"
"LOATHING LEGALLY",Classics,0.99,29.99,27,"Medium Mover"
"OPERATION OPERATION",Comedy,2.99,23.99,27,"Medium Mover"
"DANCING FEVER",Documentary,0.99,25.99,27,"Medium Mover"
"PRINCESS GIANT",Documentary,2.99,29.99,27,"Medium Mover"
"LIES TREATMENT",Drama,4.99,28.99,27,"Medium Mover"
"TORQUE BOUND",Drama,4.99,27.99,27,"Medium Mover"
"WARDROBE PHANTOM",Drama,2.99,19.99,27,"Medium Mover"
"MOVIE SHAKESPEARE",Family,4.99,27.99,27,"Medium Mover"
"RANGE MOONWALKER",Family,4.99,25.99,27,"Medium Mover"
"LOSE INCH",Foreign,0.99,18.99,27,"Medium Mover"
"CURTAIN VIDEOTAPE",Games,0.99,27.99,27,"Medium Mover"
"SPY MILE",Games,2.99,13.99,27,"Medium Mover"
"SWARM GOLD",Horror,0.99,12.99,27,"Medium Mover"
"DORADO NOTTING",Music,4.99,26.99,27,"Medium Mover"
"TELEGRAPH VOYAGE",Music,4.99,20.99,27,"Medium Mover"
"CAMELOT VACATION",Sci-Fi,0.99,26.99,27,"Medium Mover"
"GOLDMINE TYCOON",Sci-Fi,0.99,20.99,27,"Medium Mover"
"NONE SPIKING",Sci-Fi,0.99,18.99,27,"Medium Mover"
"CHANCE RESURRECTION",Sports,2.99,22.99,27,"Medium Mover"
"HORROR REIGN",Travel,0.99,25.99,27,"Medium Mover"
"FANTASY TROOPERS",Action,0.99,27.99,26,"Medium Mover"
"STAGECOACH ARMAGEDDON",Action,4.99,25.99,26,"Medium Mover"
"TRACY CIDER",Animation,0.99,29.99,26,"Medium Mover"
"HYDE DOCTOR",Classics,2.99,11.99,26,"Medium Mover"
"ISLAND EXORCIST",Classics,2.99,23.99,26,"Medium Mover"
"MALKOVICH PET",Classics,2.99,22.99,26,"Medium Mover"
"WESTWARD SEABISCUIT",Classics,0.99,11.99,26,"Medium Mover"
"VELVET TERMINATOR",Comedy,4.99,14.99,26,"Medium Mover"
"BROTHERHOOD BLANKET",Documentary,0.99,26.99,26,"Medium Mover"
"PELICAN COMFORTS",Documentary,4.99,17.99,26,"Medium Mover"
"POCUS PULP",Documentary,0.99,15.99,26,"Medium Mover"
"PITY BOUND",Drama,4.99,19.99,26,"Medium Mover"
"HALF OUTFIELD",Family,2.99,25.99,26,"Medium Mover"
"INNOCENT USUAL",Foreign,4.99,26.99,26,"Medium Mover"
"ALASKA PHANTOM",Music,0.99,22.99,26,"Medium Mover"
"DISTURBING SCARFACE",Sci-Fi,2.99,27.99,26,"Medium Mover"
"HANKY OCTOBER",Sci-Fi,2.99,26.99,26,"Medium Mover"
"METROPOLIS COMA",Sci-Fi,2.99,9.99,26,"Medium Mover"
"DURHAM PANKY",Sports,4.99,14.99,26,"Medium Mover"
"SEABISCUIT PUNK",Sports,2.99,28.99,26,"Medium Mover"
"TIGHTS DAWN",Sports,0.99,14.99,26,"Medium Mover"
"COMA HEAD",Travel,4.99,10.99,26,"Medium Mover"
"CONTACT ANONYMOUS",Travel,2.99,10.99,26,"Medium Mover"
"FELLOWSHIP AUTUMN",Travel,4.99,9.99,26,"Medium Mover"
"CLUELESS BUCKET",Action,2.99,13.99,25,"Medium Mover"
"HILLS NEIGHBORS",Action,0.99,29.99,25,"Medium Mover"
"CLASH FREDDY",Animation,2.99,12.99,25,"Medium Mover"
"DOUBLE WRATH",Animation,0.99,28.99,25,"Medium Mover"
"OSCAR GOLD",Animation,2.99,29.99,25,"Medium Mover"
"TELEMARK HEARTBREAKERS",Animation,2.99,9.99,25,"Medium Mover"
"SHEPHERD MIDSUMMER",Children,0.99,14.99,25,"Medium Mover"
"DYNAMITE TARZAN",Classics,0.99,27.99,25,"Medium Mover"
"TOMORROW HUSTLER",Classics,2.99,21.99,25,"Medium Mover"
"DOWNHILL ENOUGH",Comedy,0.99,19.99,25,"Medium Mover"
"MALLRATS UNITED",Comedy,0.99,25.99,25,"Medium Mover"
"METAL ARMAGEDDON",Documentary,2.99,26.99,25,"Medium Mover"
"SHOW LORD",Documentary,4.99,24.99,25,"Medium Mover"
"CONEHEADS SMOOCHY",Drama,4.99,12.99,25,"Medium Mover"
"EFFECT GLADIATOR",Family,0.99,14.99,25,"Medium Mover"
"FEUD FROGMEN",Family,0.99,29.99,25,"Medium Mover"
"MADNESS ATTACKS",Foreign,0.99,14.99,25,"Medium Mover"
"GUN BONNIE",Games,0.99,27.99,25,"Medium Mover"
"NIGHTMARE CHILL",Games,4.99,25.99,25,"Medium Mover"
"STREETCAR INTENTIONS",Horror,4.99,11.99,25,"Medium Mover"
"SAMURAI LION",New,2.99,21.99,25,"Medium Mover"
"BARBARELLA STREETCAR",Sci-Fi,2.99,27.99,25,"Medium Mover"
"FISH OPUS",Sci-Fi,2.99,22.99,25,"Medium Mover"
"SUN CONFESSIONS",Sci-Fi,0.99,9.99,25,"Medium Mover"
"TRADING PINOCCHIO",Sports,4.99,22.99,25,"Medium Mover"
"ESCAPE METROPOLIS",Travel,2.99,20.99,25,"Medium Mover"
"WORKING MICROCOSMOS",Travel,4.99,22.99,25,"Medium Mover"
"CELEBRITY HORN",Action,0.99,24.99,24,"Medium Mover"
"DRIFTER COMMANDMENTS",Action,4.99,18.99,24,"Medium Mover"
"MOCKINGBIRD HOLLYWOOD",Action,0.99,27.99,24,"Medium Mover"
"HORN WORKING",Animation,2.99,23.99,24,"Medium Mover"
"OZ LIAISONS",Animation,2.99,14.99,24,"Medium Mover"
"SUNRISE LEAGUE",Animation,4.99,19.99,24,"Medium Mover"
"FARGO GANDHI",Children,2.99,28.99,24,"Medium Mover"
"JUMPING WRATH",Children,0.99,18.99,24,"Medium Mover"
"STRANGELOVE DESIRE",Children,0.99,27.99,24,"Medium Mover"
"BOUND CHEAPER",Classics,0.99,17.99,24,"Medium Mover"
"CENTER DINOSAUR",Classics,4.99,12.99,24,"Medium Mover"
"COLOR PHILADELPHIA",Classics,2.99,19.99,24,"Medium Mover"
"CAPER MOTIONS",Comedy,0.99,22.99,24,"Medium Mover"
"GUNFIGHT MOON",Comedy,0.99,16.99,24,"Medium Mover"
"HURRICANE AFFAIR",Comedy,2.99,11.99,24,"Medium Mover"
"KNOCK WARLOCK",Comedy,2.99,21.99,24,"Medium Mover"
"PACIFIC AMISTAD",Documentary,0.99,27.99,24,"Medium Mover"
"WEDDING APOLLO",Documentary,0.99,14.99,24,"Medium Mover"
"GOLDFINGER SENSIBILITY",Drama,0.99,29.99,24,"Medium Mover"
"SEATTLE EXPECATIONS",Drama,4.99,18.99,24,"Medium Mover"
"SHOOTIST SUPERFLY",Drama,0.99,22.99,24,"Medium Mover"
"ATLANTIS CAUSE",Family,2.99,15.99,24,"Medium Mover"
"JASON TRAP",Family,2.99,9.99,24,"Medium Mover"
"SLUMS DUCK",Family,0.99,21.99,24,"Medium Mover"
"ALAMO VIDEOTAPE",Foreign,0.99,16.99,24,"Medium Mover"
"ORANGE GRAPES",Foreign,0.99,21.99,24,"Medium Mover"
"ICE CROSSING",Games,2.99,28.99,24,"Medium Mover"
"ARACHNOPHOBIA ROLLERCOASTER",Horror,2.99,24.99,24,"Medium Mover"
"LOLA AGENT",Horror,4.99,24.99,24,"Medium Mover"
"SLEEPING SUSPECTS",Horror,4.99,13.99,24,"Medium Mover"
"ROMAN PUNK",Music,0.99,28.99,24,"Medium Mover"
"ATTRACTION NEWTON",New,4.99,14.99,24,"Medium Mover"
"MAIDEN HOME",New,4.99,9.99,24,"Medium Mover"
"EASY GLADIATOR",Action,4.99,12.99,23,"Medium Mover"
"FOOL MOCKINGBIRD",Action,4.99,24.99,23,"Medium Mover"
"TRUMAN CRAZY",Action,4.99,9.99,23,"Medium Mover"
"WOMEN DORADO",Action,0.99,23.99,23,"Medium Mover"
"SNOWMAN ROLLERCOASTER",Animation,0.99,27.99,23,"Medium Mover"
"TITANIC BOONDOCK",Animation,4.99,18.99,23,"Medium Mover"
"CROOKED FROGMEN",Children,0.99,27.99,23,"Medium Mover"
"MURDER ANTITRUST",Children,2.99,11.99,23,"Medium Mover"
"STEEL SANTA",Classics,4.99,15.99,23,"Medium Mover"
"STRICTLY SCARFACE",Comedy,2.99,24.99,23,"Medium Mover"
"ACADEMY DINOSAUR",Documentary,0.99,20.99,23,"Medium Mover"
"CUPBOARD SINNERS",Documentary,2.99,29.99,23,"Medium Mover"
"HEAVYWEIGHTS BEAST",Documentary,4.99,25.99,23,"Medium Mover"
"KWAI HOMEWARD",Drama,0.99,25.99,23,"Medium Mover"
"SCORPION APOLLO",Drama,4.99,23.99,23,"Medium Mover"
"HOUSE DYNAMITE",Family,2.99,13.99,23,"Medium Mover"
"GENTLEMEN STAGE",Foreign,2.99,22.99,23,"Medium Mover"
"WASH HEAVENLY",Foreign,4.99,22.99,23,"Medium Mover"
"CANDLES GRAPES",Games,4.99,15.99,23,"Medium Mover"
"NAME DETECTIVE",Games,4.99,11.99,23,"Medium Mover"
"OUTBREAK DIVINE",Games,0.99,12.99,23,"Medium Mover"
"WIND PHANTOM",Games,0.99,12.99,23,"Medium Mover"
"AFFAIR PREJUDICE",Horror,2.99,26.99,23,"Medium Mover"
"CARRIE BUNCH",Horror,0.99,11.99,23,"Medium Mover"
"FREDDY STORM",Horror,4.99,21.99,23,"Medium Mover"
"KARATE MOON",Horror,0.99,21.99,23,"Medium Mover"
"PATTON INTERVIEW",Horror,2.99,22.99,23,"Medium Mover"
"YENTL IDAHO",Horror,4.99,11.99,23,"Medium Mover"
"BALLOON HOMEWARD",Music,2.99,10.99,23,"Medium Mover"
"EARTH VISION",New,0.99,29.99,23,"Medium Mover"
"FLAMINGOS CONNECTICUT",New,4.99,28.99,23,"Medium Mover"
"SALUTE APOLLO",New,2.99,29.99,23,"Medium Mover"
"ALADDIN CALENDAR",Sports,4.99,24.99,23,"Medium Mover"
"PHILADELPHIA WIFE",Sports,4.99,16.99,23,"Medium Mover"
"OTHERS SOUP",Travel,2.99,18.99,23,"Medium Mover"
"TROUBLE DATE",Travel,2.99,13.99,23,"Medium Mover"
"AMERICAN CIRCUS",Action,4.99,17.99,22,"Medium Mover"
"DREAM PICKUP",Action,2.99,18.99,22,"Medium Mover"
"SOUTH WAIT",Action,2.99,21.99,22,"Medium Mover"
"ALTER VICTORY",Animation,0.99,27.99,22,"Medium Mover"
"BORROWERS BEDAZZLED",Animation,0.99,22.99,22,"Medium Mover"
"FALCON VOLUME",Animation,4.99,21.99,22,"Medium Mover"
"FIGHT JAWBREAKER",Animation,0.99,13.99,22,"Medium Mover"
"PACKER MADIGAN",Animation,0.99,20.99,22,"Medium Mover"
"BEAR GRACELAND",Children,2.99,20.99,22,"Medium Mover"
"HUSTLER PARTY",Comedy,4.99,22.99,22,"Medium Mover"
"SNATCH SLIPPER",Comedy,4.99,15.99,22,"Medium Mover"
"CHICKEN HELLFIGHTERS",Documentary,0.99,24.99,22,"Medium Mover"
"MIDSUMMER GROUNDHOG",Documentary,4.99,27.99,22,"Medium Mover"
"BEAUTY GREASE",Drama,4.99,28.99,22,"Medium Mover"
"BLADE POLISH",Drama,0.99,10.99,22,"Medium Mover"
"CHILL LUCK",Drama,0.99,17.99,22,"Medium Mover"
"QUEEN LUKE",Drama,4.99,22.99,22,"Medium Mover"
"SEA VIRGIN",Drama,2.99,24.99,22,"Medium Mover"
"HOMICIDE PEACH",Family,2.99,21.99,22,"Medium Mover"
"ALIEN CENTER",Foreign,2.99,10.99,22,"Medium Mover"
"GRAPES FURY",Foreign,0.99,20.99,22,"Medium Mover"
"KISS GLORY",Foreign,4.99,11.99,22,"Medium Mover"
"HAUNTING PIANIST",Games,0.99,22.99,22,"Medium Mover"
"HEAD STRANGER",Games,4.99,28.99,22,"Medium Mover"
"MALTESE HOPE",Games,4.99,26.99,22,"Medium Mover"
"VOLCANO TEXAS",Games,0.99,27.99,22,"Medium Mover"
"HIGH ENCINO",Horror,2.99,23.99,22,"Medium Mover"
"SINNERS ATLANTIS",Horror,2.99,19.99,22,"Medium Mover"
"BANGER PINOCCHIO",Music,0.99,15.99,22,"Medium Mover"
"ANGELS LIFE",New,2.99,15.99,22,"Medium Mover"
"EAGLES PANKY",New,4.99,14.99,22,"Medium Mover"
"ANNIE IDENTITY",Sci-Fi,0.99,15.99,22,"Medium Mover"
"WHISPERER GIANT",Sci-Fi,4.99,24.99,22,"Medium Mover"
"WONDERLAND CHRISTMAS",Sci-Fi,4.99,19.99,22,"Medium Mover"
"CONGENIALITY QUEST",Sports,0.99,21.99,22,"Medium Mover"
"FLATLINERS KILLER",Sports,2.99,29.99,22,"Medium Mover"
"SHAKESPEARE SADDLE",Sports,2.99,26.99,22,"Medium Mover"
"TOURIST PELICAN",Sports,4.99,18.99,22,"Medium Mover"
"LIAISONS SWEET",Travel,4.99,15.99,22,"Medium Mover"
"AMADEUS HOLY",Action,0.99,20.99,21,"Medium Mover"
"BERETS AGENT",Action,2.99,24.99,21,"Medium Mover"
"EXCITEMENT EVE",Action,0.99,20.99,21,"Medium Mover"
"ANACONDA CONFESSIONS",Animation,0.99,9.99,21,"Medium Mover"
"CROSSROADS CASUALTIES",Animation,2.99,20.99,21,"Medium Mover"
"WAIT CIDER",Animation,0.99,9.99,21,"Medium Mover"
"CHRISTMAS MOONSHINE",Children,0.99,21.99,21,"Medium Mover"
"EMPIRE MALKOVICH",Children,0.99,26.99,21,"Medium Mover"
"GHOST GROUNDHOG",Children,4.99,18.99,21,"Medium Mover"
"SABRINA MIDNIGHT",Children,4.99,11.99,21,"Medium Mover"
"SPLENDOR PATTON",Children,0.99,20.99,21,"Medium Mover"
"ARIZONA BANG",Classics,2.99,28.99,21,"Medium Mover"
"DRACULA CRYSTAL",Classics,0.99,26.99,21,"Medium Mover"
"DOOM DANCING",Comedy,0.99,13.99,21,"Medium Mover"
"FIREBALL PHILADELPHIA",Comedy,0.99,25.99,21,"Medium Mover"
"CAUSE DATE",Documentary,2.99,16.99,21,"Medium Mover"
"COAST RAINBOW",Documentary,0.99,20.99,21,"Medium Mover"
"EGG IGBY",Documentary,2.99,20.99,21,"Medium Mover"
"SECRET GROUNDHOG",Documentary,4.99,11.99,21,"Medium Mover"
"DECEIVER BETRAYED",Drama,0.99,22.99,21,"Medium Mover"
"LEBOWSKI SOLDIERS",Drama,2.99,17.99,21,"Medium Mover"
"BLUES INSTINCT",Family,2.99,18.99,21,"Medium Mover"
"GREASE YOUTH",Family,0.99,20.99,21,"Medium Mover"
"RESURRECTION SILVERADO",Family,0.99,12.99,21,"Medium Mover"
"AGENT TRUMAN",Foreign,2.99,17.99,21,"Medium Mover"
"BROOKLYN DESERT",Foreign,4.99,21.99,21,"Medium Mover"
"CALENDAR GUNFIGHT",Foreign,4.99,22.99,21,"Medium Mover"
"HIGHBALL POTTER",Foreign,0.99,10.99,21,"Medium Mover"
"MOONSHINE CABIN",Games,4.99,25.99,21,"Medium Mover"
"SLEUTH ORIENT",Games,0.99,25.99,21,"Medium Mover"
"SUIT WALLS",Games,4.99,12.99,21,"Medium Mover"
"FIDELITY DEVIL",Horror,4.99,11.99,21,"Medium Mover"
"UNDEFEATED DALMATIONS",Horror,4.99,22.99,21,"Medium Mover"
"DRIVING POLISH",Music,4.99,21.99,21,"Medium Mover"
"AMISTAD MIDSUMMER",New,2.99,10.99,21,"Medium Mover"
"PIANIST OUTFIELD",New,0.99,25.99,21,"Medium Mover"
"SLEEPY JAPANESE",New,2.99,25.99,21,"Medium Mover"
"STING PERSONAL",New,4.99,9.99,21,"Medium Mover"
"UNBREAKABLE KARATE",New,0.99,16.99,21,"Medium Mover"
"ARMAGEDDON LOST",Sci-Fi,0.99,10.99,21,"Medium Mover"
"BADMAN DAWN",Sci-Fi,2.99,22.99,21,"Medium Mover"
"BEVERLY OUTLAW",Sci-Fi,2.99,21.99,21,"Medium Mover"
"CHAINSAW UPTOWN",Sci-Fi,0.99,25.99,21,"Medium Mover"
"CHARIOTS CONSPIRACY",Sci-Fi,2.99,29.99,21,"Medium Mover"
"DIVIDE MONSTER",Sci-Fi,2.99,13.99,21,"Medium Mover"
"MOURNING PURPLE",Sci-Fi,0.99,14.99,21,"Medium Mover"
"OPEN AFRICAN",Sci-Fi,4.99,16.99,21,"Medium Mover"
"VACATION BOONDOCK",Sci-Fi,2.99,23.99,21,"Medium Mover"
"PIRATES ROXANNE",Sports,0.99,20.99,21,"Medium Mover"
"STAR OPERATION",Sports,2.99,9.99,21,"Medium Mover"
"BASIC EASY",Travel,2.99,18.99,21,"Medium Mover"
"WOLVES DESIRE",Travel,0.99,13.99,21,"Medium Mover"
"KISSING DOLLS",Action,4.99,9.99,20,"Medium Mover"
"MINDS TRUMAN",Action,4.99,22.99,20,"Medium Mover"
"QUEST MUSSOLINI",Action,2.99,29.99,20,"Medium Mover"
"FLYING HOOK",Animation,2.99,18.99,20,"Medium Mover"
"HARPER DYING",Animation,0.99,15.99,20,"Medium Mover"
"ROOM ROMAN",Animation,0.99,27.99,20,"Medium Mover"
"SLEEPLESS MONSOON",Animation,4.99,12.99,20,"Medium Mover"
"HEARTBREAKERS BRIGHT",Children,4.99,9.99,20,"Medium Mover"
"WRONG BEHAVIOR",Children,2.99,10.99,20,"Medium Mover"
"JERK PAYCHECK",Classics,2.99,13.99,20,"Medium Mover"
"MILLION ACE",Classics,4.99,16.99,20,"Medium Mover"
"PREJUDICE OLEANDER",Classics,4.99,15.99,20,"Medium Mover"
"BRINGING HYSTERICAL",Comedy,2.99,14.99,20,"Medium Mover"
"PINOCCHIO SIMON",Comedy,4.99,21.99,20,"Medium Mover"
"TRAMP OTHERS",Comedy,0.99,27.99,20,"Medium Mover"
"DALMATIONS SWEDEN",Drama,0.99,25.99,20,"Medium Mover"
"HUNCHBACK IMPOSSIBLE",Drama,4.99,28.99,20,"Medium Mover"
"REUNION WITCHES",Drama,0.99,26.99,20,"Medium Mover"
"SPICE SORORITY",Drama,4.99,22.99,20,"Medium Mover"
"CHASING FIGHT",Family,4.99,21.99,20,"Medium Mover"
"CHOCOLAT HARRY",Family,0.99,16.99,20,"Medium Mover"
"DINOSAUR SECRETARY",Family,2.99,27.99,20,"Medium Mover"
"SECRETS PARADISE",Family,4.99,24.99,20,"Medium Mover"
"HELLFIGHTERS SIERRA",Foreign,2.99,23.99,20,"Medium Mover"
"INTRIGUE WORST",Foreign,0.99,10.99,20,"Medium Mover"
"JET NEIGHBORS",Foreign,4.99,14.99,20,"Medium Mover"
"STEPMOM DREAM",Foreign,4.99,9.99,20,"Medium Mover"
"LOVE SUICIDES",Horror,0.99,21.99,20,"Medium Mover"
"GO PURPLE",Music,0.99,12.99,20,"Medium Mover"
"INSIDER ARIZONA",Music,2.99,17.99,20,"Medium Mover"
"MASKED BUBBLE",Music,0.99,12.99,20,"Medium Mover"
"OUTFIELD MASSACRE",Music,0.99,18.99,20,"Medium Mover"
"INTERVIEW LIAISONS",New,4.99,17.99,20,"Medium Mover"
"MONEY HAROLD",New,2.99,17.99,20,"Medium Mover"
"REDEMPTION COMFORTS",New,2.99,20.99,20,"Medium Mover"
"CHEAPER CLYDE",Sci-Fi,0.99,23.99,20,"Medium Mover"
"GARDEN ISLAND",Sci-Fi,4.99,21.99,20,"Medium Mover"
"REIGN GENTLEMEN",Sci-Fi,2.99,29.99,20,"Medium Mover"
"NORTHWEST POLISH",Sports,2.99,24.99,20,"Medium Mover"
"PEAK FOREVER",Sports,4.99,25.99,20,"Medium Mover"
"RIVER OUTLAW",Sports,0.99,29.99,20,"Medium Mover"
"STRAIGHT HOURS",Sports,0.99,19.99,20,"Medium Mover"
"KICK SAVANNAH",Travel,0.99,10.99,20,"Medium Mover"
"BRIDE INTRIGUE",Action,0.99,24.99,19,"Medium Mover"
"CAMPUS REMEMBER",Action,2.99,27.99,19,"Medium Mover"
"CANYON STOCK",Animation,0.99,26.99,19,"Medium Mover"
"CLUB GRAFFITI",Animation,0.99,12.99,19,"Medium Mover"
"DOORS PRESIDENT",Animation,4.99,22.99,19,"Medium Mover"
"POND SEATTLE",Animation,2.99,25.99,19,"Medium Mover"
"THIEF PELICAN",Animation,4.99,28.99,19,"Medium Mover"
"BACKLASH UNDEFEATED",Children,4.99,24.99,19,"Medium Mover"
"FURY MURDER",Children,0.99,28.99,19,"Medium Mover"
"GORGEOUS BINGO",Children,2.99,26.99,19,"Medium Mover"
"SUNDANCE INVASION",Children,0.99,21.99,19,"Medium Mover"
"PATIENT SISTER",Classics,0.99,29.99,19,"Medium Mover"
"REQUIEM TYCOON",Classics,4.99,25.99,19,"Medium Mover"
"BILL OTHERS",Documentary,2.99,12.99,19,"Medium Mover"
"CIDER DESIRE",Documentary,2.99,9.99,19,"Medium Mover"
"INDEPENDENCE HOTEL",Documentary,0.99,21.99,19,"Medium Mover"
"NATIONAL STORY",Documentary,2.99,19.99,19,"Medium Mover"
"ROAD ROXANNE",Documentary,4.99,12.99,19,"Medium Mover"
"ENCOUNTERS CURTAIN",Drama,0.99,20.99,19,"Medium Mover"
"HANGING DEEP",Drama,4.99,18.99,19,"Medium Mover"
"SOMETHING DUCK",Drama,4.99,17.99,19,"Medium Mover"
"EARRING INSTINCT",Family,0.99,22.99,19,"Medium Mover"
"GABLES METROPOLIS",Family,0.99,17.99,19,"Medium Mover"
"JEDI BENEATH",Family,0.99,12.99,19,"Medium Mover"
"MUSIC BOONDOCK",Family,0.99,17.99,19,"Medium Mover"
"RAGE GAMES",Family,4.99,18.99,19,"Medium Mover"
"FICTION CHRISTMAS",Foreign,0.99,14.99,19,"Medium Mover"
"DETAILS PACKER",Games,4.99,17.99,19,"Medium Mover"
"ENCINO ELF",Games,0.99,9.99,19,"Medium Mover"
"FANTASIA PARK",Games,2.99,29.99,19,"Medium Mover"
"MARS ROMAN",Games,0.99,21.99,19,"Medium Mover"
"ROXANNE REBEL",Games,0.99,9.99,19,"Medium Mover"
"DESERT POSEIDON",Horror,4.99,27.99,19,"Medium Mover"
"CLONES PINOCCHIO",Music,2.99,16.99,19,"Medium Mover"
"HOURS RAGE",New,0.99,14.99,19,"Medium Mover"
"MINE TITANS",New,4.99,12.99,19,"Medium Mover"
"VOICE PEACH",New,0.99,22.99,19,"Medium Mover"
"EYES DRIVING",Sci-Fi,2.99,13.99,19,"Medium Mover"
"TROJAN TOMORROW",Sci-Fi,2.99,9.99,19,"Medium Mover"
"HONEY TIES",Sports,0.99,29.99,19,"Medium Mover"
"NEIGHBORS CHARADE",Sports,0.99,20.99,19,"Medium Mover"
"NOVOCAINE FLIGHT",Sports,0.99,11.99,19,"Medium Mover"
"DISCIPLE MOTHER",Travel,0.99,17.99,19,"Medium Mover"
"IGBY MAKER",Travel,4.99,12.99,19,"Medium Mover"
"SHAWSHANK BUBBLE",Travel,4.99,20.99,19,"Medium Mover"
"BAREFOOT MANCHURIAN",Action,2.99,15.99,18,"Medium Mover"
"DARN FORRESTER",Action,4.99,14.99,18,"Medium Mover"
"FORREST SONS",Action,2.99,15.99,18,"Medium Mover"
"CAROL TEXAS",Animation,2.99,15.99,18,"Medium Mover"
"INCH JET",Animation,4.99,18.99,18,"Medium Mover"
"INSECTS STONE",Animation,0.99,14.99,18,"Medium Mover"
"MISSION ZOOLANDER",Animation,4.99,26.99,18,"Medium Mover"
"WONKA SEA",Animation,2.99,24.99,18,"Medium Mover"
"POLISH BROOKLYN",Children,0.99,12.99,18,"Medium Mover"
"SCARFACE BANG",Children,4.99,11.99,18,"Medium Mover"
"CANDIDATE PERDITION",Classics,2.99,10.99,18,"Medium Mover"
"CORE SUIT",Classics,2.99,24.99,18,"Medium Mover"
"GALAXY SWEETHEARTS",Classics,4.99,13.99,18,"Medium Mover"
"HOPE TOOTSIE",Classics,2.99,22.99,18,"Medium Mover"
"GROUNDHOG UNCUT",Comedy,4.99,26.99,18,"Medium Mover"
"HEAVEN FREEDOM",Comedy,2.99,19.99,18,"Medium Mover"
"LION UNCUT",Comedy,0.99,13.99,18,"Medium Mover"
"PARADISE SABRINA",Comedy,2.99,12.99,18,"Medium Mover"
"SWEDEN SHINING",Comedy,4.99,19.99,18,"Medium Mover"
"SMOKING BARBARELLA",Documentary,0.99,13.99,18,"Medium Mover"
"JACKET FRISCO",Drama,2.99,16.99,18,"Medium Mover"
"RACER EGG",Drama,2.99,19.99,18,"Medium Mover"
"REMEMBER DIARY",Family,2.99,15.99,18,"Medium Mover"
"POLLOCK DELIVERANCE",Foreign,2.99,14.99,18,"Medium Mover"
"WHALE BIKINI",Foreign,4.99,11.99,18,"Medium Mover"
"DAWN POND",Games,4.99,27.99,18,"Medium Mover"
"ROUGE SQUAD",Games,0.99,10.99,18,"Medium Mover"
"AIRPORT POLLOCK",Horror,4.99,15.99,18,"Medium Mover"
"ALONE TRIP",Music,0.99,14.99,18,"Medium Mover"
"VANISHING ROCKY",Music,2.99,21.99,18,"Medium Mover"
"BIRDS PERDITION",New,4.99,15.99,18,"Medium Mover"
"BOULEVARD MOB",New,0.99,11.99,18,"Medium Mover"
"CLEOPATRA DEVIL",New,0.99,26.99,18,"Medium Mover"
"DRAGONFLY STRANGERS",New,4.99,19.99,18,"Medium Mover"
"UNFORGIVEN ZOOLANDER",Sci-Fi,0.99,15.99,18,"Medium Mover"
"WEEKEND PERSONAL",Sci-Fi,2.99,26.99,18,"Medium Mover"
"DRIVER ANNIE",Sports,2.99,11.99,18,"Medium Mover"
"GROOVE FICTION",Sports,0.99,13.99,18,"Medium Mover"
"INSTINCT AIRPORT",Sports,2.99,21.99,18,"Medium Mover"
"JADE BUNCH",Sports,2.99,21.99,18,"Medium Mover"
"SECRETARY ROUGE",Sports,4.99,10.99,18,"Medium Mover"
"ENOUGH RAGING",Travel,2.99,16.99,18,"Medium Mover"
"EXPECATIONS NATURAL",Travel,4.99,26.99,18,"Medium Mover"
"MIDNIGHT WESTWARD",Action,0.99,19.99,17,"Medium Mover"
"REAR TRADING",Action,0.99,23.99,17,"Medium Mover"
"WATERFRONT DELIVERANCE",Action,4.99,17.99,17,"Medium Mover"
"BIKINI BORROWERS",Animation,4.99,26.99,17,"Medium Mover"
"INTENTIONS EMPIRE",Animation,2.99,13.99,17,"Medium Mover"
"LAWLESS VISION",Animation,4.99,29.99,17,"Medium Mover"
"POTTER CONNECTICUT",Animation,2.99,16.99,17,"Medium Mover"
"SUGAR WONKA",Animation,4.99,20.99,17,"Medium Mover"
"HOLOCAUST HIGHBALL",Children,0.99,12.99,17,"Medium Mover"
"NOON PAPI",Children,2.99,12.99,17,"Medium Mover"
"ZOOLANDER FICTION",Children,2.99,28.99,17,"Medium Mover"
"LEAGUE HELLFIGHTERS",Classics,4.99,25.99,17,"Medium Mover"
"MUSKETEERS WAIT",Classics,4.99,17.99,17,"Medium Mover"
"ROOTS REMEMBER",Classics,0.99,23.99,17,"Medium Mover"
"DYING MAKER",Comedy,4.99,28.99,17,"Medium Mover"
"FERRIS MOTHER",Comedy,2.99,13.99,17,"Medium Mover"
"FLINTSTONES HAPPINESS",Comedy,4.99,11.99,17,"Medium Mover"
"PERFECT GROOVE",Comedy,2.99,17.99,17,"Medium Mover"
"BEACH HEARTBREAKERS",Documentary,2.99,16.99,17,"Medium Mover"
"FRENCH HOLIDAY",Documentary,4.99,22.99,17,"Medium Mover"
"MAJESTIC FLOATS",Documentary,0.99,15.99,17,"Medium Mover"
"UNITED PILOT",Documentary,0.99,27.99,17,"Medium Mover"
"ORIENT CLOSER",Drama,2.99,22.99,17,"Medium Mover"
"SLACKER LIAISONS",Drama,4.99,29.99,17,"Medium Mover"
"VIRGIN DAISY",Drama,4.99,29.99,17,"Medium Mover"
"CONFUSED CANDLES",Family,2.99,27.99,17,"Medium Mover"
"CONVERSATION DOWNHILL",Family,4.99,14.99,17,"Medium Mover"
"GANDHI KWAI",Family,0.99,9.99,17,"Medium Mover"
"LOUISIANA HARRY",Family,0.99,18.99,17,"Medium Mover"
"GREEK EVERYONE",Foreign,2.99,11.99,17,"Medium Mover"
"NEWTON LABYRINTH",Foreign,0.99,9.99,17,"Medium Mover"
"JERICHO MULAN",Games,2.99,29.99,17,"Medium Mover"
"EGYPT TENENBAUMS",Horror,0.99,11.99,17,"Medium Mover"
"LADY STAGE",Horror,4.99,14.99,17,"Medium Mover"
"ROCK INSTINCT",Horror,0.99,28.99,17,"Medium Mover"
"STRANGERS GRAFFITI",Horror,4.99,22.99,17,"Medium Mover"
"FREAKY POCUS",Music,2.99,16.99,17,"Medium Mover"
"HANOVER GALAXY",Music,4.99,21.99,17,"Medium Mover"
"TAXI KICK",Music,0.99,23.99,17,"Medium Mover"
"BREAKFAST GOLDFINGER",New,4.99,18.99,17,"Medium Mover"
"IDAHO LOVE",New,2.99,25.99,17,"Medium Mover"
"JEKYLL FROGMEN",New,2.99,22.99,17,"Medium Mover"
"MASK PEACH",New,2.99,26.99,17,"Medium Mover"
"JOON NORTHWEST",Sports,0.99,23.99,17,"Medium Mover"
"POSEIDON FOREVER",Sports,4.99,29.99,17,"Medium Mover"
"SATISFACTION CONFIDENTIAL",Sports,4.99,26.99,17,"Medium Mover"
"COMFORTS RUSH",Travel,2.99,19.99,17,"Medium Mover"
"FACTORY DRAGON",Travel,0.99,9.99,17,"Medium Mover"
"TEEN APOLLO",Travel,4.99,25.99,17,"Medium Mover"
"BULL SHAWSHANK",Action,0.99,21.99,16,"Medium Mover"
"CADDYSHACK JEDI",Action,0.99,17.99,16,"Medium Mover"
"PATRIOT ROMAN",Action,2.99,12.99,16,"Medium Mover"
"UPRISING UPTOWN",Action,2.99,16.99,16,"Medium Mover"
"WORST BANGER",Action,2.99,26.99,16,"Medium Mover"
"PRIDE ALAMO",Animation,0.99,20.99,16,"Medium Mover"
"WATCH TRACY",Animation,0.99,12.99,16,"Medium Mover"
"GRADUATE LORD",Children,2.99,14.99,16,"Medium Mover"
"HALL CASSIDY",Children,4.99,13.99,16,"Medium Mover"
"JEEPERS WEDDING",Classics,2.99,29.99,16,"Medium Mover"
"SUMMER SCARFACE",Classics,0.99,25.99,16,"Medium Mover"
"PURE RUNNER",Comedy,2.99,25.99,16,"Medium Mover"
"ARMY FLINTSTONES",Documentary,0.99,22.99,16,"Medium Mover"
"BONNIE HOLOCAUST",Documentary,0.99,29.99,16,"Medium Mover"
"HOMEWARD CIDER",Documentary,0.99,19.99,16,"Medium Mover"
"QUILLS BULL",Documentary,4.99,19.99,16,"Medium Mover"
"SAGEBRUSH CLUELESS",Documentary,2.99,28.99,16,"Medium Mover"
"STREAK RIDGEMONT",Documentary,0.99,28.99,16,"Medium Mover"
"CONQUERER NUTS",Drama,4.99,14.99,16,"Medium Mover"
"CRAFT OUTFIELD",Drama,0.99,17.99,16,"Medium Mover"
"PAYCHECK WAIT",Drama,4.99,27.99,16,"Medium Mover"
"ROCKY WAR",Drama,4.99,17.99,16,"Medium Mover"
"WEST LION",Drama,4.99,29.99,16,"Medium Mover"
"BAKED CLEOPATRA",Family,2.99,20.99,16,"Medium Mover"
"INDIAN LOVE",Family,0.99,26.99,16,"Medium Mover"
"PILOT HOOSIERS",Family,2.99,17.99,16,"Medium Mover"
"WILLOW TRACY",Family,2.99,22.99,16,"Medium Mover"
"COMMAND DARLING",Foreign,4.99,28.99,16,"Medium Mover"
"TRAP GUYS",Foreign,4.99,11.99,16,"Medium Mover"
"CHICAGO NORTH",Games,4.99,11.99,16,"Medium Mover"
"CREATURES SHAKESPEARE",Games,0.99,23.99,16,"Medium Mover"
"WANDA CHAMBER",Games,4.99,23.99,16,"Medium Mover"
"GASLIGHT CRUSADE",Horror,2.99,10.99,16,"Medium Mover"
"MOTIONS DETAILS",Horror,0.99,16.99,16,"Medium Mover"
"REAP UNFAITHFUL",Horror,2.99,26.99,16,"Medium Mover"
"RULES HUMAN",Horror,4.99,19.99,16,"Medium Mover"
"SILENCE KANE",Music,0.99,23.99,16,"Medium Mover"
"WIZARD COLDBLOODED",Music,4.99,12.99,16,"Medium Mover"
"WORDS HUNTER",Music,2.99,13.99,16,"Medium Mover"
"DESTINY SATURDAY",New,4.99,20.99,16,"Medium Mover"
"PLUTO OLEANDER",New,4.99,9.99,16,"Medium Mover"
"VARSITY TRIP",New,2.99,14.99,16,"Medium Mover"
"ATTACKS HATE",Sci-Fi,4.99,21.99,16,"Medium Mover"
"COLDBLOODED DARLING",Sci-Fi,4.99,27.99,16,"Medium Mover"
"DAISY MENAGERIE",Sci-Fi,4.99,9.99,16,"Medium Mover"
"ARTIST COLDBLOODED",Sports,2.99,10.99,16,"Medium Mover"
"DUDE BLINDNESS",Sports,4.99,9.99,16,"Medium Mover"
"MERMAID INSECTS",Sports,4.99,20.99,16,"Medium Mover"
"MUMMY CREATURES",Sports,0.99,15.99,16,"Medium Mover"
"PICKUP DRIVING",Sports,2.99,23.99,16,"Medium Mover"
"SLIPPER FIDELITY",Sports,0.99,14.99,16,"Medium Mover"
"CASABLANCA SUPER",Travel,4.99,22.99,16,"Medium Mover"
"LOCK REAR",Travel,2.99,10.99,16,"Medium Mover"
"MOULIN WAKE",Travel,0.99,20.99,16,"Medium Mover"
"DEVIL DESIRE",Action,4.99,12.99,15,"Medium Mover"
"ENTRAPMENT SATISFACTION",Action,0.99,19.99,15,"Medium Mover"
"LUST LOCK",Action,2.99,28.99,15,"Medium Mover"
"RINGS HEARTBREAKERS",Action,0.99,17.99,15,"Medium Mover"
"NASH CHOCOLAT",Animation,2.99,21.99,15,"Medium Mover"
"SONS INTERVIEW",Animation,2.99,11.99,15,"Medium Mover"
"BETRAYED REAR",Children,4.99,26.99,15,"Medium Mover"
"CABIN FLASH",Children,0.99,25.99,15,"Medium Mover"
"CIRCUS YOUTH",Children,2.99,13.99,15,"Medium Mover"
"LABYRINTH LEAGUE",Children,2.99,24.99,15,"Medium Mover"
"MODEL FISH",Children,4.99,11.99,15,"Medium Mover"
"TOOTSIE PILOT",Children,0.99,10.99,15,"Medium Mover"
"WASTELAND DIVINE",Classics,2.99,18.99,15,"Medium Mover"
"AIRPLANE SIERRA",Comedy,4.99,28.99,15,"Medium Mover"
"ANTHEM LUKE",Comedy,4.99,16.99,15,"Medium Mover"
"LONELY ELEPHANT",Comedy,2.99,12.99,15,"Medium Mover"
"SUBMARINE BED",Comedy,4.99,21.99,15,"Medium Mover"
"VALLEY PACKER",Comedy,0.99,21.99,15,"Medium Mover"
"MADISON TRAP",Documentary,2.99,11.99,15,"Medium Mover"
"MODERN DORADO",Documentary,0.99,20.99,15,"Medium Mover"
"SHIP WONDERLAND",Documentary,2.99,15.99,15,"Medium Mover"
"EDGE KISSING",Drama,4.99,9.99,15,"Medium Mover"
"NECKLACE OUTBREAK",Drama,0.99,21.99,15,"Medium Mover"
"TRANSLATION SUMMER",Drama,0.99,10.99,15,"Medium Mover"
"VIETNAM SMOOCHY",Drama,0.99,27.99,15,"Medium Mover"
"HUNTING MUSKETEERS",Family,2.99,24.99,15,"Medium Mover"
"MANCHURIAN CURTAIN",Family,2.99,27.99,15,"Medium Mover"
"ODDS BOOGIE",Family,0.99,14.99,15,"Medium Mover"
"SIEGE MADRE",Family,0.99,23.99,15,"Medium Mover"
"CYCLONE FAMILY",Foreign,2.99,18.99,15,"Medium Mover"
"HOLIDAY GAMES",Foreign,4.99,10.99,15,"Medium Mover"
"ILLUSION AMELIE",Foreign,0.99,15.99,15,"Medium Mover"
"SCISSORHANDS SLUMS",Foreign,2.99,13.99,15,"Medium Mover"
"SHREK LICENSE",Foreign,2.99,15.99,15,"Medium Mover"
"DIRTY ACE",Games,2.99,29.99,15,"Medium Mover"
"DIVINE RESURRECTION",Games,2.99,19.99,15,"Medium Mover"
"HUMAN GRAFFITI",Games,2.99,22.99,15,"Medium Mover"
"PANKY SUBMARINE",Games,4.99,19.99,15,"Medium Mover"
"SPIRIT FLINTSTONES",Horror,0.99,23.99,15,"Medium Mover"
"MONSTER SPARTACUS",Music,2.99,28.99,15,"Medium Mover"
"CHARADE DUFFEL",Sci-Fi,2.99,21.99,15,"Medium Mover"
"PANTHER REDS",Sci-Fi,4.99,22.99,15,"Medium Mover"
"HOLES BRANNIGAN",Sports,4.99,27.99,15,"Medium Mover"
"HYSTERICAL GRAIL",Sports,4.99,19.99,15,"Medium Mover"
"LOSER HUSTLER",Sports,4.99,28.99,15,"Medium Mover"
"MOSQUITO ARMAGEDDON",Sports,0.99,22.99,15,"Medium Mover"
"SIERRA DIVIDE",Sports,0.99,12.99,15,"Medium Mover"
"STEERS ARMAGEDDON",Sports,4.99,16.99,15,"Medium Mover"
"BOILED DARES",Travel,4.99,13.99,15,"Medium Mover"
"SWEET BROTHERHOOD",Travel,2.99,27.99,15,"Medium Mover"
"WORKER TARZAN",Travel,2.99,26.99,15,"Medium Mover"
"DANCES NONE",Action,0.99,22.99,14,"Slow Mover"
"GLASS DYING",Action,0.99,24.99,14,"Slow Mover"
"SHRUNK DIVINE",Action,2.99,14.99,14,"Slow Mover"
"WEREWOLF LOLA",Action,4.99,19.99,14,"Slow Mover"
"DONNIE ALLEY",Animation,0.99,20.99,14,"Slow Mover"
"TURN STAR",Animation,2.99,10.99,14,"Slow Mover"
"CREEPERS KANE",Classics,4.99,23.99,14,"Slow Mover"
"LOVELY JINGLE",Classics,2.99,18.99,14,"Slow Mover"
"PAJAMA JAWBREAKER",Classics,0.99,14.99,14,"Slow Mover"
"GOLD RIVER",Comedy,4.99,21.99,14,"Slow Mover"
"JAWS HARRY",Comedy,2.99,10.99,14,"Slow Mover"
"SADDLE ANTITRUST",Comedy,2.99,10.99,14,"Slow Mover"
"SEARCHERS WAIT",Comedy,2.99,22.99,14,"Slow Mover"
"DEEP CRUSADE",Documentary,4.99,20.99,14,"Slow Mover"
"NOTORIOUS REUNION",Documentary,0.99,9.99,14,"Slow Mover"
"WRATH MILE",Documentary,0.99,17.99,14,"Slow Mover"
"CONFESSIONS MAGUIRE",Drama,4.99,25.99,14,"Slow Mover"
"GREEDY ROOTS",Drama,0.99,14.99,14,"Slow Mover"
"SPLASH GUMP",Family,0.99,16.99,14,"Slow Mover"
"VIRTUAL SPOILERS",Family,4.99,14.99,14,"Slow Mover"
"ALLEY EVOLUTION",Foreign,2.99,23.99,14,"Slow Mover"
"IMPOSSIBLE PREJUDICE",Foreign,4.99,11.99,14,"Slow Mover"
"KANE EXORCIST",Foreign,0.99,18.99,14,"Slow Mover"
"TOWN ARK",Foreign,2.99,17.99,14,"Slow Mover"
"GRINCH MASSAGE",Games,4.99,25.99,14,"Slow Mover"
"MADRE GABLES",Games,2.99,27.99,14,"Slow Mover"
"STAMPEDE DISTURBING",Games,0.99,26.99,14,"Slow Mover"
"ANALYZE HOOSIERS",Horror,2.99,19.99,14,"Slow Mover"
"ELEPHANT TROJAN",Horror,4.99,24.99,14,"Slow Mover"
"PARIS WEEKEND",Horror,2.99,19.99,14,"Slow Mover"
"HOME PITY",Music,4.99,15.99,14,"Slow Mover"
"PERSONAL LADYBUGS",Music,0.99,19.99,14,"Slow Mover"
"UNCUT SUICIDES",Music,2.99,29.99,14,"Slow Mover"
"DAY UNFAITHFUL",New,4.99,16.99,14,"Slow Mover"
"STOCK GLASS",New,2.99,10.99,14,"Slow Mover"
"TROOPERS METAL",New,0.99,20.99,14,"Slow Mover"
"BLINDNESS GUN",Sci-Fi,4.99,29.99,14,"Slow Mover"
"HAMLET WISDOM",Sci-Fi,2.99,21.99,14,"Slow Mover"
"NEMO CAMPUS",Sci-Fi,2.99,23.99,14,"Slow Mover"
"IMAGE PRINCESS",Sports,2.99,17.99,14,"Slow Mover"
"MOTHER OLEANDER",Sports,0.99,20.99,14,"Slow Mover"
"PEACH INNOCENT",Sports,2.99,20.99,14,"Slow Mover"
"GAMES BOWFINGER",Travel,4.99,17.99,14,"Slow Mover"
"OUTLAW HANKY",Travel,4.99,17.99,14,"Slow Mover"
"SHANE DARKNESS",Travel,2.99,22.99,14,"Slow Mover"
"SHANGHAI TYCOON",Travel,2.99,20.99,14,"Slow Mover"
"TOMATOES HELLFIGHTERS",Travel,0.99,23.99,14,"Slow Mover"
"LAWRENCE LOVE",Action,0.99,23.99,13,"Slow Mover"
"CHAMPION FLATLINERS",Animation,4.99,21.99,13,"Slow Mover"
"HOOK CHARIOTS",Animation,0.99,23.99,13,"Slow Mover"
"FOREVER CANDIDATE",Children,2.99,28.99,13,"Slow Mover"
"HOLLYWOOD ANONYMOUS",Children,0.99,29.99,13,"Slow Mover"
"MICROCOSMOS PARADISE",Children,2.99,22.99,13,"Slow Mover"
"JINGLE SAGEBRUSH",Classics,4.99,29.99,13,"Slow Mover"
"SPIKING ELEMENT",Classics,2.99,12.99,13,"Slow Mover"
"DADDY PITTSBURGH",Comedy,4.99,26.99,13,"Slow Mover"
"MEMENTO ZOOLANDER",Comedy,4.99,11.99,13,"Slow Mover"
"MULAN MOON",Comedy,0.99,10.99,13,"Slow Mover"
"PARTY KNOCK",Comedy,2.99,11.99,13,"Slow Mover"
"SATURN NAME",Comedy,4.99,18.99,13,"Slow Mover"
"BRIGHT ENCOUNTERS",Drama,4.99,12.99,13,"Slow Mover"
"DARKNESS WAR",Drama,2.99,24.99,13,"Slow Mover"
"TENENBAUMS COMMAND",Drama,0.99,24.99,13,"Slow Mover"
"BEDAZZLED MARRIED",Family,0.99,21.99,13,"Slow Mover"
"BILKO ANONYMOUS",Family,4.99,25.99,13,"Slow Mover"
"CHISUM BEHAVIOR",Family,4.99,25.99,13,"Slow Mover"
"DATE SPEED",Family,0.99,19.99,13,"Slow Mover"
"NATURAL STOCK",Family,0.99,24.99,13,"Slow Mover"
"OPPOSITE NECKLACE",Family,4.99,9.99,13,"Slow Mover"
"ROBBERY BRIGHT",Family,0.99,21.99,13,"Slow Mover"
"SPINAL ROCKY",Family,2.99,12.99,13,"Slow Mover"
"SUPER WYOMING",Family,4.99,10.99,13,"Slow Mover"
"EVERYONE CRAFT",Foreign,0.99,29.99,13,"Slow Mover"
"HUNGER ROOF",Foreign,0.99,21.99,13,"Slow Mover"
"PAST SUICIDES",Foreign,4.99,17.99,13,"Slow Mover"
"PURPLE MOVIE",Foreign,2.99,9.99,13,"Slow Mover"
"USUAL UNTOUCHABLES",Foreign,4.99,21.99,13,"Slow Mover"
"MOONWALKER FOOL",Games,4.99,12.99,13,"Slow Mover"
"SASSY PACKER",Games,0.99,29.99,13,"Slow Mover"
"STATE WASTELAND",Games,2.99,13.99,13,"Slow Mover"
"ARABIA DOGMA",Horror,0.99,29.99,13,"Slow Mover"
"BEHAVIOR RUNAWAY",Horror,4.99,20.99,13,"Slow Mover"
"DRUMS DYNAMITE",Horror,0.99,11.99,13,"Slow Mover"
"MONTEREY LABYRINTH",Horror,0.99,13.99,13,"Slow Mover"
"CHAMBER ITALIAN",Music,4.99,14.99,13,"Slow Mover"
"LUCKY FLYING",Music,2.99,10.99,13,"Slow Mover"
"BREAKING HOME",New,2.99,21.99,13,"Slow Mover"
"FLASH WARS",New,4.99,21.99,13,"Slow Mover"
"WYOMING STORM",New,4.99,29.99,13,"Slow Mover"
"CINCINATTI WHISPERER",Sci-Fi,4.99,26.99,13,"Slow Mover"
"CITIZEN SHREK",Sci-Fi,0.99,18.99,13,"Slow Mover"
"CONNECTICUT TRAMP",Sci-Fi,4.99,20.99,13,"Slow Mover"
"EXPRESS LONELY",Sci-Fi,2.99,23.99,13,"Slow Mover"
"IDENTITY LOVER",Sci-Fi,2.99,12.99,13,"Slow Mover"
"RAGING AIRPLANE",Sci-Fi,4.99,18.99,13,"Slow Mover"
"ANONYMOUS HUMAN",Sports,0.99,12.99,13,"Slow Mover"
"EXORCIST STING",Sports,2.99,17.99,13,"Slow Mover"
"MILE MULAN",Sports,0.99,10.99,13,"Slow Mover"
"TUXEDO MILE",Sports,2.99,24.99,13,"Slow Mover"
"CROW GREASE",Action,0.99,22.99,12,"Slow Mover"
"SIDE ARK",Action,0.99,28.99,12,"Slow Mover"
"SPEAKEASY DATE",Action,2.99,22.99,12,"Slow Mover"
"MASSAGE IMAGE",Animation,2.99,11.99,12,"Slow Mover"
"UPTOWN YOUNG",Children,2.99,16.99,12,"Slow Mover"
"HEDWIG ALTER",Comedy,2.99,16.99,12,"Slow Mover"
"ADAPTATION HOLES",Documentary,2.99,18.99,12,"Slow Mover"
"MIGHTY LUCK",Documentary,2.99,13.99,12,"Slow Mover"
"MOB DUFFEL",Drama,0.99,25.99,12,"Slow Mover"
"SAVANNAH TOWN",Drama,0.99,25.99,12,"Slow Mover"
"AFRICAN EGG",Family,2.99,22.99,12,"Slow Mover"
"BLANKET BEVERLY",Family,2.99,21.99,12,"Slow Mover"
"FINDING ANACONDA",Family,0.99,10.99,12,"Slow Mover"
"PITTSBURGH HUNCHBACK",Family,4.99,17.99,12,"Slow Mover"
"DANGEROUS UPTOWN",Foreign,4.99,26.99,12,"Slow Mover"
"LOST BIRD",Foreign,2.99,21.99,12,"Slow Mover"
"MEET CHOCOLATE",Foreign,2.99,26.99,12,"Slow Mover"
"SORORITY QUEEN",Foreign,0.99,17.99,12,"Slow Mover"
"WAR NOTTING",Foreign,4.99,26.99,12,"Slow Mover"
"TYCOON GATHERING",Games,4.99,17.99,12,"Slow Mover"
"ALABAMA DEVIL",Horror,2.99,21.99,12,"Slow Mover"
"TEMPLE ATTRACTION",Horror,4.99,13.99,12,"Slow Mover"
"MINORITY KISS",Music,0.99,16.99,12,"Slow Mover"
"BRANNIGAN SUNRISE",New,4.99,27.99,12,"Slow Mover"
"LOVERBOY ATTACKS",New,0.99,19.99,12,"Slow Mover"
"VAMPIRE WHALE",New,4.99,11.99,12,"Slow Mover"
"SILVERADO GOLDFINGER",Sci-Fi,4.99,11.99,12,"Slow Mover"
"CALIFORNIA BIRDS",Sports,4.99,19.99,12,"Slow Mover"
"EVOLUTION ALTER",Sports,0.99,10.99,12,"Slow Mover"
"FLIGHT LIES",Sports,4.99,22.99,12,"Slow Mover"
"GUNFIGHTER MUSSOLINI",Sports,2.99,9.99,12,"Slow Mover"
"LIBERTY MAGNIFICENT",Sports,2.99,27.99,12,"Slow Mover"
"SMOOCHY CONTROL",Sports,0.99,18.99,12,"Slow Mover"
"BORN SPINAL",Travel,4.99,17.99,12,"Slow Mover"
"VALENTINE VANISHING",Travel,0.99,9.99,12,"Slow Mover"
"WINDOW SIDE",Travel,2.99,25.99,12,"Slow Mover"
"DARKO DORADO",Action,4.99,13.99,11,"Slow Mover"
"DRAGON SQUAD",Action,0.99,26.99,11,"Slow Mover"
"LORD ARIZONA",Action,2.99,27.99,11,"Slow Mover"
"MAGNOLIA FORRESTER",Action,0.99,28.99,11,"Slow Mover"
"POTLUCK MIXED",Animation,2.99,10.99,11,"Slow Mover"
"THEORY MERMAID",Animation,0.99,9.99,11,"Slow Mover"
"LANGUAGE COWBOY",Children,0.99,26.99,11,"Slow Mover"
"SANTA PARIS",Children,2.99,23.99,11,"Slow Mover"
"STRANGER STRANGERS",Children,4.99,12.99,11,"Slow Mover"
"TIES HUNGER",Children,4.99,28.99,11,"Slow Mover"
"TWISTED PIRATES",Children,4.99,23.99,11,"Slow Mover"
"BEAST HUNCHBACK",Classics,4.99,22.99,11,"Slow Mover"
"IRON MOON",Classics,4.99,27.99,11,"Slow Mover"
"OCTOBER SUBMARINE",Classics,4.99,10.99,11,"Slow Mover"
"TOWERS HURRICANE",Classics,0.99,14.99,11,"Slow Mover"
"TRAINSPOTTING STRANGERS",Comedy,4.99,10.99,11,"Slow Mover"
"MOD SECRETARY",Documentary,4.99,20.99,11,"Slow Mover"
"NORTH TEQUILA",Documentary,4.99,9.99,11,"Slow Mover"
"THIN SAGEBRUSH",Documentary,4.99,9.99,11,"Slow Mover"
"BEETHOVEN EXORCIST",Drama,0.99,26.99,11,"Slow Mover"
"PRIX UNDEFEATED",Family,2.99,13.99,11,"Slow Mover"
"BUGSY SONG",Foreign,2.99,17.99,11,"Slow Mover"
"FRIDA SLIPPER",Foreign,2.99,11.99,11,"Slow Mover"
"OPUS ICE",Foreign,4.99,21.99,11,"Slow Mover"
"AUTUMN CROW",Games,4.99,13.99,11,"Slow Mover"
"FEATHERS METAL",Games,0.99,12.99,11,"Slow Mover"
"GATHERING CALENDAR",Games,0.99,22.99,11,"Slow Mover"
"BOWFINGER GABLES",Horror,4.99,19.99,11,"Slow Mover"
"REEF SALUTE",Horror,0.99,26.99,11,"Slow Mover"
"BIRCH ANTITRUST",Music,4.99,18.99,11,"Slow Mover"
"SONG HEDWIG",Music,0.99,29.99,11,"Slow Mover"
"ENDING CROWDS",New,0.99,10.99,11,"Slow Mover"
"SPIRITED CASUALTIES",Sci-Fi,0.99,20.99,11,"Slow Mover"
"CRANES RESERVOIR",Sports,2.99,12.99,11,"Slow Mover"
"RIDER CADDYSHACK",Sports,2.99,28.99,11,"Slow Mover"
"BIRD INDEPENDENCE",Travel,4.99,14.99,11,"Slow Mover"
"DRUMLINE CYCLONE",Travel,0.99,14.99,11,"Slow Mover"
"FUGITIVE MAGUIRE",Travel,4.99,28.99,11,"Slow Mover"
"STONE FIRE",Travel,0.99,19.99,11,"Slow Mover"
"ANTITRUST TOMATOES",Action,2.99,11.99,10,"Slow Mover"
"GRAIL FRANKENSTEIN",Action,2.99,17.99,10,"Slow Mover"
"BENEATH RUSH",Children,0.99,27.99,10,"Slow Mover"
"CLOCKWORK PARADISE",Children,0.99,29.99,10,"Slow Mover"
"MAKER GABLES",Children,0.99,12.99,10,"Slow Mover"
"JEOPARDY ENCINO",Classics,0.99,12.99,10,"Slow Mover"
"LOVER TRUMAN",Classics,2.99,29.99,10,"Slow Mover"
"RIGHT CRANES",Classics,4.99,29.99,10,"Slow Mover"
"ELEMENT FREDDY",Comedy,4.99,28.99,10,"Slow Mover"
"LIFE TWISTED",Comedy,2.99,9.99,10,"Slow Mover"
"MYSTIC TRUMAN",Comedy,0.99,19.99,10,"Slow Mover"
"STAGE WORLD",Comedy,2.99,19.99,10,"Slow Mover"
"HALLOWEEN NUTS",Documentary,2.99,19.99,10,"Slow Mover"
"SPOILERS HELLFIGHTERS",Documentary,0.99,26.99,10,"Slow Mover"
"WAGON JAWS",Documentary,2.99,17.99,10,"Slow Mover"
"WARS PLUTO",Documentary,2.99,15.99,10,"Slow Mover"
"GONE TROUBLE",Drama,2.99,20.99,10,"Slow Mover"
"LUCK OPUS",Drama,2.99,21.99,10,"Slow Mover"
"NOTTING SPEAKEASY",Drama,0.99,19.99,10,"Slow Mover"
"PATHS CONTROL",Drama,4.99,9.99,10,"Slow Mover"
"BLOOD ARGONAUTS",Family,0.99,13.99,10,"Slow Mover"
"LOLITA WORLD",Family,2.99,25.99,10,"Slow Mover"
"SENSIBILITY REAR",Family,4.99,15.99,10,"Slow Mover"
"DOUBTFIRE LABYRINTH",Foreign,4.99,16.99,10,"Slow Mover"
"RESERVOIR ADAPTATION",Foreign,2.99,29.99,10,"Slow Mover"
"LAMBS CINCINATTI",Games,4.99,18.99,10,"Slow Mover"
"ROLLERCOASTER BRINGING",Horror,2.99,13.99,10,"Slow Mover"
"AMELIE HELLFIGHTERS",Music,4.99,23.99,10,"Slow Mover"
"JAWBREAKER BROOKLYN",Music,0.99,15.99,10,"Slow Mover"
"OLEANDER CLUE",Music,0.99,12.99,10,"Slow Mover"
"RUN PACIFIC",New,0.99,25.99,10,"Slow Mover"
"FIDDLER LOST",Sci-Fi,4.99,20.99,10,"Slow Mover"
"HOLLOW JEOPARDY",Sci-Fi,4.99,25.99,10,"Slow Mover"
"ELIZABETH SHANE",Sports,4.99,11.99,10,"Slow Mover"
"FROGMEN BREAKING",Travel,0.99,17.99,10,"Slow Mover"
"MADIGAN DORADO",Travel,4.99,20.99,10,"Slow Mover"
"SMILE EARRING",Travel,2.99,29.99,10,"Slow Mover"
"SUPERFLY TRIP",Travel,0.99,27.99,10,"Slow Mover"
"CASUALTIES ENCINO",Action,4.99,16.99,9,"Slow Mover"
"MONTEZUMA COMMAND",Action,0.99,22.99,9,"Slow Mover"
"DARES PLUTO",Animation,2.99,16.99,9,"Slow Mover"
"GHOSTBUSTERS ELF",Animation,0.99,18.99,9,"Slow Mover"
"MIRACLE VIRTUAL",Animation,2.99,19.99,9,"Slow Mover"
"DAUGHTER MADIGAN",Children,4.99,13.99,9,"Slow Mover"
"LEGALLY SECRETARY",Children,4.99,14.99,9,"Slow Mover"
"GILBERT PELICAN",Classics,0.99,13.99,9,"Slow Mover"
"HOLY TADPOLE",Classics,0.99,20.99,9,"Slow Mover"
"SNATCHERS MONTEZUMA",Classics,2.99,14.99,9,"Slow Mover"
"CRAZY HOME",Comedy,2.99,24.99,9,"Slow Mover"
"WISDOM WORKER",Comedy,0.99,12.99,9,"Slow Mover"
"INTOLERABLE INTENTIONS",Documentary,4.99,20.99,9,"Slow Mover"
"DIARY PANIC",Drama,2.99,20.99,9,"Slow Mover"
"KING EVOLUTION",Family,4.99,24.99,9,"Slow Mover"
"MAGUIRE APACHE",Family,2.99,22.99,9,"Slow Mover"
"SPARTACUS CHEAPER",Family,4.99,19.99,9,"Slow Mover"
"HOTEL HAPPINESS",Foreign,4.99,28.99,9,"Slow Mover"
"MATRIX SNOWMAN",Foreign,4.99,9.99,9,"Slow Mover"
"WONDERFUL DROP",Foreign,2.99,20.99,9,"Slow Mover"
"DARLING BREAKING",Games,4.99,20.99,9,"Slow Mover"
"DWARFS ALTER",Games,2.99,13.99,9,"Slow Mover"
"MONSOON CAUSE",Games,4.99,20.99,9,"Slow Mover"
"VANILLA DAY",Games,4.99,20.99,9,"Slow Mover"
"ALI FOREVER",Horror,4.99,21.99,9,"Slow Mover"
"ANYTHING SAVANNAH",Horror,2.99,27.99,9,"Slow Mover"
"ZHIVAGO CORE",Horror,0.99,10.99,9,"Slow Mover"
"BIRDCAGE CASPER",Music,0.99,23.99,9,"Slow Mover"
"IMPACT ALADDIN",Music,0.99,20.99,9,"Slow Mover"
"LEGEND JEDI",Music,0.99,18.99,9,"Slow Mover"
"REDS POCUS",Music,4.99,23.99,9,"Slow Mover"
"WON DARES",Music,2.99,18.99,9,"Slow Mover"
"JUNGLE CLOSER",New,0.99,11.99,9,"Slow Mover"
"NUTS TIES",New,4.99,10.99,9,"Slow Mover"
"PLATOON INSTINCT",New,4.99,10.99,9,"Slow Mover"
"DOLLS RAGE",Sci-Fi,2.99,10.99,9,"Slow Mover"
"FRISCO FORREST",Sci-Fi,4.99,23.99,9,"Slow Mover"
"GUYS FALCON",Sci-Fi,4.99,20.99,9,"Slow Mover"
"RANDOM GO",Sci-Fi,2.99,29.99,9,"Slow Mover"
"CARIBBEAN LIBERTY",Sports,4.99,16.99,9,"Slow Mover"
"DROP WATERFRONT",Sports,4.99,20.99,9,"Slow Mover"
"KRAMER CHOCOLATE",Sports,2.99,24.99,9,"Slow Mover"
"VICTORY ACADEMY",Sports,0.99,19.99,9,"Slow Mover"
"SPEED SUIT",Travel,4.99,19.99,9,"Slow Mover"
"GOSFORD DONNIE",Action,4.99,17.99,8,"Slow Mover"
"PARK CITIZEN",Action,4.99,14.99,8,"Slow Mover"
"DESIRE ALIEN",Animation,2.99,24.99,8,"Slow Mover"
"PUNK DIVORCE",Animation,4.99,18.99,8,"Slow Mover"
"CASPER DRAGONFLY",Children,4.99,16.99,8,"Slow Mover"
"LIGHTS DEER",Classics,0.99,21.99,8,"Slow Mover"
"MAGNIFICENT CHITTY",Classics,2.99,27.99,8,"Slow Mover"
"VERTIGO NORTHWEST",Comedy,2.99,17.99,8,"Slow Mover"
"UNTOUCHABLES SUNRISE",Documentary,2.99,11.99,8,"Slow Mover"
"CHITTY LOCK",Drama,2.99,24.99,8,"Slow Mover"
"DESTINATION JERK",Drama,0.99,19.99,8,"Slow Mover"
"HAROLD FRENCH",Drama,0.99,10.99,8,"Slow Mover"
"SAINTS BRIDE",Drama,2.99,11.99,8,"Slow Mover"
"UNFAITHFUL KILL",Drama,2.99,12.99,8,"Slow Mover"
"SOUP WISDOM",Family,0.99,12.99,8,"Slow Mover"
"SUNSET RACER",Family,0.99,28.99,8,"Slow Mover"
"BABY HALL",Foreign,4.99,23.99,8,"Slow Mover"
"BALLROOM MOCKINGBIRD",Foreign,0.99,29.99,8,"Slow Mover"
"HOOSIERS BIRDCAGE",Foreign,2.99,12.99,8,"Slow Mover"
"MAUDE MOD",Foreign,0.99,20.99,8,"Slow Mover"
"PET HAUNTING",Foreign,0.99,11.99,8,"Slow Mover"
"TARZAN VIDEOTAPE",Horror,2.99,11.99,8,"Slow Mover"
"WORLD LEATHERNECKS",Horror,0.99,13.99,8,"Slow Mover"
"GROSSE WONDERFUL",Music,4.99,19.99,8,"Slow Mover"
"REBEL AIRPORT",Music,0.99,24.99,8,"Slow Mover"
"RUNNER MADIGAN",Music,0.99,27.99,8,"Slow Mover"
"CHAPLIN LICENSE",New,2.99,26.99,8,"Slow Mover"
"CLYDE THEORY",New,0.99,29.99,8,"Slow Mover"
"GODFATHER DIARY",New,2.99,14.99,8,"Slow Mover"
"JUMANJI BLADE",New,2.99,13.99,8,"Slow Mover"
"RUNAWAY TENENBAUMS",New,0.99,17.99,8,"Slow Mover"
"SOLDIERS EVOLUTION",Sci-Fi,4.99,27.99,8,"Slow Mover"
"CRUSADE HONEY",Sports,2.99,27.99,8,"Slow Mover"
"RECORDS ZORRO",Sports,4.99,11.99,8,"Slow Mover"
"PAPI NECKLACE",Travel,0.99,9.99,8,"Slow Mover"
"SHINING ROSES",Travel,0.99,12.99,8,"Slow Mover"
"EARLY HOME",Animation,4.99,27.99,7,"Slow Mover"
"ISHTAR ROCKETEER",Animation,4.99,24.99,7,"Slow Mover"
"LUKE MUMMY",Animation,2.99,21.99,7,"Slow Mover"
"MENAGERIE RUSHMORE",Animation,2.99,18.99,7,"Slow Mover"
"DOCTOR GRAIL",Children,2.99,29.99,7,"Slow Mover"
"MAGIC MALLRATS",Children,0.99,19.99,7,"Slow Mover"
"CRUELTY UNFORGIVEN",Classics,0.99,29.99,7,"Slow Mover"
"CONNECTION MICROCOSMOS",Comedy,0.99,25.99,7,"Slow Mover"
"CONTROL ANTHEM",Comedy,4.99,9.99,7,"Slow Mover"
"CLERKS ANGELS",Documentary,4.99,15.99,7,"Slow Mover"
"DOZEN LION",Documentary,4.99,20.99,7,"Slow Mover"
"DUFFEL APOCALYPSE",Documentary,0.99,13.99,7,"Slow Mover"
"HAWK CHILL",Documentary,0.99,12.99,7,"Slow Mover"
"NEWSIES STORY",Documentary,0.99,25.99,7,"Slow Mover"
"YOUNG LANGUAGE",Documentary,0.99,9.99,7,"Slow Mover"
"TREATMENT JEKYLL",Drama,0.99,19.99,7,"Slow Mover"
"BANG KWAI",Family,2.99,25.99,7,"Slow Mover"
"PRESIDENT BANG",Family,4.99,12.99,7,"Slow Mover"
"COWBOY DOOM",Foreign,2.99,10.99,7,"Slow Mover"
"MULHOLLAND BEAST",Foreign,2.99,13.99,7,"Slow Mover"
"VISION TORQUE",Foreign,0.99,16.99,7,"Slow Mover"
"BULWORTH COMMANDMENTS",Games,2.99,14.99,7,"Slow Mover"
"FIRE WOLVES",Games,4.99,18.99,7,"Slow Mover"
"PIZZA JUMANJI",Games,2.99,11.99,7,"Slow Mover"
"ACE GOLDFINGER",Horror,4.99,12.99,7,"Slow Mover"
"PANIC CLUB",Horror,4.99,15.99,7,"Slow Mover"
"CLUE GRAIL",Music,4.99,27.99,7,"Slow Mover"
"ELF MURDER",Music,4.99,19.99,7,"Slow Mover"
"HEAVENLY GUN",Music,4.99,13.99,7,"Slow Mover"
"EVE RESURRECTION",New,4.99,25.99,7,"Slow Mover"
"VANISHED GARDEN",New,0.99,17.99,7,"Slow Mover"
"LICENSE WEEKEND",Sci-Fi,2.99,28.99,7,"Slow Mover"
"STALLION SUNDANCE",Sci-Fi,0.99,23.99,7,"Slow Mover"
"DIVORCE SHINING",Sports,2.99,21.99,7,"Slow Mover"
"LESSON CLEOPATRA",Sports,0.99,28.99,7,"Slow Mover"
"SENSE GREEK",Sports,4.99,23.99,7,"Slow Mover"
"SQUAD FISH",Sports,2.99,14.99,7,"Slow Mover"
"LEATHERNECKS DWARFS",Travel,2.99,21.99,7,"Slow Mover"
"DUCK RACER",Animation,2.99,15.99,6,"Slow Mover"
"COMANCHEROS ENEMY",Children,0.99,23.99,6,"Slow Mover"
"JERSEY SASSY",Children,4.99,16.99,6,"Slow Mover"
"TEQUILA PAST",Children,4.99,17.99,6,"Slow Mover"
"WARLOCK WEREWOLF",Children,2.99,10.99,6,"Slow Mover"
"EXTRAORDINARY CONQUERER",Classics,2.99,29.99,6,"Slow Mover"
"SLING LUKE",Classics,0.99,10.99,6,"Slow Mover"
"RUSHMORE MERMAID",Comedy,2.99,17.99,6,"Slow Mover"
"BED HIGHBALL",Documentary,2.99,23.99,6,"Slow Mover"
"DUMBO LUST",Family,0.99,17.99,6,"Slow Mover"
"KILLER INNOCENT",Family,2.99,11.99,6,"Slow Mover"
"HAPPINESS UNITED",Foreign,2.99,23.99,6,"Slow Mover"
"SCHOOL JACKET",Foreign,4.99,21.99,6,"Slow Mover"
"LADYBUGS ARMAGEDDON",Games,0.99,13.99,6,"Slow Mover"
"JAPANESE RUN",Horror,0.99,29.99,6,"Slow Mover"
"SIMON NORTH",Horror,0.99,26.99,6,"Slow Mover"
"TEXAS WATCH",Horror,0.99,22.99,6,"Slow Mover"
"WATERSHIP FRONTIER",Horror,0.99,28.99,6,"Slow Mover"
"TERMINATOR CLUB",Music,4.99,11.99,6,"Slow Mover"
"YOUTH KICK",Music,0.99,14.99,6,"Slow Mover"
"APOCALYPSE FLAMINGOS",New,4.99,11.99,6,"Slow Mover"
"FRONTIER CABIN",New,4.99,14.99,6,"Slow Mover"
"OKLAHOMA JUMANJI",New,0.99,15.99,6,"Slow Mover"
"PHANTOM GLORY",New,2.99,17.99,6,"Slow Mover"
"WILD APOLLO",New,0.99,24.99,6,"Slow Mover"
"BUBBLE GROSSE",Sports,4.99,20.99,6,"Slow Mover"
"GRACELAND DYNAMITE",Sports,4.99,26.99,6,"Slow Mover"
"CASSIDY WYOMING",Travel,2.99,19.99,6,"Slow Mover"
"DESPERATE TRAINSPOTTING",Travel,4.99,29.99,6,"Slow Mover"
"HAUNTED ANTITRUST",Travel,4.99,13.99,6,"Slow Mover"
"ITALIAN AFRICAN",Travel,4.99,24.99,6,"Slow Mover"
"FULL FLATLINERS",Children,2.99,14.99,5,"Slow Mover"
"CONSPIRACY SPIRIT",Classics,2.99,27.99,5,"Slow Mover"
"FREEDOM CLEOPATRA",Comedy,0.99,23.99,5,"Slow Mover"
"HUNTER ALTER",Documentary,2.99,21.99,5,"Slow Mover"
"BUNCH MINDS",Drama,2.99,13.99,5,"Slow Mover"
"BRAVEHEART HUMAN",Family,2.99,14.99,5,"Slow Mover"
"INFORMER DOUBLE",Foreign,4.99,23.99,5,"Slow Mover"
"FEVER EMPIRE",Games,4.99,20.99,5,"Slow Mover"
"GLORY TRACY",Games,2.99,13.99,5,"Slow Mover"
"PRIVATE DROP",Games,4.99,26.99,5,"Slow Mover"
"SEVEN SWARM",Games,4.99,15.99,5,"Slow Mover"
"MANNEQUIN WORST",New,2.99,18.99,5,"Slow Mover"
"MUSSOLINI SPOILERS",Sports,2.99,10.99,5,"Slow Mover"
"TRAFFIC HOBBIT",Travel,4.99,13.99,5,"Slow Mover"
"HARDLY ROBBERS",Documentary,2.99,15.99,4,"Slow Mover"
"MIXED DOORS",Foreign,2.99,26.99,4,"Slow Mover"
"TRAIN BUNCH",Horror,4.99,26.99,4,"Slow Mover"
